Dialect,Model,Domain,Dialect text,Italian text,Gemini question,Gemini answer,Lower bs answer,Experiment answer,Upper bs answer
Neapolitan,Gemini 2.5 - flash,literature,"Se sape, ca l'ommo nfuriato è 'a bestia cchiù feroce d''o munno: Dalle 'a forza mmano mmiez'a 'a furia, e bì che trona te mena Marzo; Va tiene cchiù 'o carro a 'a scesa! Ora sperammo a 'o Cielo ca tutto fenesca priesto: o cu 'e bone, o cu 'e cattive 'e Palermetane s'hanno d'agguatTà, pocca nn'ann'avuto soccurso nì 'int'' a 'a Secilia, nì da fora. E chi se bolea mette' a defenne na caosa sballata? Oie 'e Ppotenzie hanno canosciuto, ca s'hanno da guardà, e respettà tutte nfra 'e lloro, e pe se mantene' stabele, e npace, nn'hanno da fomentà, ni sostene' chille, ca se rebellano contro 'e Rrì, e 'e Naziune. Addonca non sarrà bero, ca l' Austria menaccia 'e venì a Napole a spaccà e pesà, e a guastarece 'o sidece? C. No 'o pozzo crede' compà caro.","Si sa che l'uomo infuriato è la bestia più feroce del mondo: Dagli la forza in mano in mezzo alla furia, e vedi che tuono ti scatena Marzo; non si riesce più a tenere il carro in discesa! Ora speriamo al Cielo che tutto finisca presto: o con le buone, o con le cattive i Palermitani si devono acquattare, perché non hanno avuto soccorso né in Sicilia, né da fuori. E chi si voleva mettere a difendere una cosa sbagliata? Oggi le Potenze hanno riconosciuto che si devono guardare e rispettare tutte tra di loro, e per mantenersi stabili e in pace, non devono fomentare né sostenere quelli che si ribellano contro i Re e le Nazioni. Dunque non sarà vero che l'Austria minaccia di venire a Napoli a spaccare e pesare, e a rovinarci il sedici? C. Non lo posso credere, compare caro.","Secondo il testo, quale sarebbe la bestia più feroce del mondo?",L'uomo infuriato è la bestia più feroce del mondo.,"
In realtà, è un uomo che ha vissuto l'intera vita come un'inutile macchina.
La sua è una vita di schiavi, di servi, di schiavi, di schiavi, di schiavi.
È un uomo che ha vissuto la sua vita come un'inutile macchina, e non ha mai ucciso nessuno, neanche i suoi simili.
Una volta, gli uomini erano liberi di fare qualunque cosa, in qualsiasi momento, purché fossero liberi di vivere.
La vita di un uomo è un'inutile macchina, e non una macchina.
Se non si avesse il potere di decidere di fare qualsiasi cosa, la vita sarebbe un'inutile macchina, e non una macchina.
E non sarebbe nemmeno necessario scegliere.
Il potere di decidere è qualcosa che è impossibile.
E la scelta è qualcosa che non può essere fatta.
La scelta di un uomo è un'inutile macchina, e non una macchina.
La scelta di un uomo è qualcosa che non può essere fatta.
La scelta di un uomo è un'inutile macchina, e non una macchina.
Il potere di decidere è qualcosa che non può essere fatta.
La scelta di un uomo è un'inutile","E se fosse la bestia più feroce del mondo?




















































































































































































18:09:32 - 18:16
Il Papa, come ha detto di recente il Santo Padre, ha detto che il 25 giugno prossimo, in occasione della Giornata mondiale della Pace, il Papa ha invitato gli abitanti del mondo a non","

















































































































































































Aggiungi questo sito o l'articolo pi� recente
Menu di navigazione
Chi siamo
Tesseramento
Contatti
Politica di rimborso
Normativa sulla privacy
Politica di sicurezza
Comunicazione
Sostienici
Il Comitato
Comitato per il referendum sull'acqua
Copy"
Neapolitan,Gemini 2.5 - flash,literature,"Se sape, ca l'ommo nfuriato è 'a bestia cchiù feroce d''o munno: Dalle 'a forza mmano mmiez'a 'a furia, e bì che trona te mena Marzo; Va tiene cchiù 'o carro a 'a scesa! Ora sperammo a 'o Cielo ca tutto fenesca priesto: o cu 'e bone, o cu 'e cattive 'e Palermetane s'hanno d'agguatTà, pocca nn'ann'avuto soccurso nì 'int'' a 'a Secilia, nì da fora. E chi se bolea mette' a defenne na caosa sballata? Oie 'e Ppotenzie hanno canosciuto, ca s'hanno da guardà, e respettà tutte nfra 'e lloro, e pe se mantene' stabele, e npace, nn'hanno da fomentà, ni sostene' chille, ca se rebellano contro 'e Rrì, e 'e Naziune. Addonca non sarrà bero, ca l' Austria menaccia 'e venì a Napole a spaccà e pesà, e a guastarece 'o sidece? C. No 'o pozzo crede' compà caro.","Si sa che l'uomo infuriato è la bestia più feroce del mondo: Dagli la forza in mano in mezzo alla furia, e vedi che tuono ti scatena Marzo; non si riesce più a tenere il carro in discesa! Ora speriamo al Cielo che tutto finisca presto: o con le buone, o con le cattive i Palermitani si devono acquattare, perché non hanno avuto soccorso né in Sicilia, né da fuori. E chi si voleva mettere a difendere una cosa sbagliata? Oggi le Potenze hanno riconosciuto che si devono guardare e rispettare tutte tra di loro, e per mantenersi stabili e in pace, non devono fomentare né sostenere quelli che si ribellano contro i Re e le Nazioni. Dunque non sarà vero che l'Austria minaccia di venire a Napoli a spaccare e pesare, e a rovinarci il sedici? C. Non lo posso credere, compare caro.",Perché i Palermitani si devono acquattare?,"Perché non hanno avuto soccorso né in Sicilia, né da fuori.","
Perché i palermitani si devono acquattare?
Federico, 16 anni, Palermo
Sono un ragazzo di 19 anni e ho frequentato la scuola secondaria di primo grado. All'inizio sono stato molto fortunato, perché ho fatto il liceo scientifico e il liceo artistico. Il primo anno, invece, ho fatto il liceo scientifico. Il secondo anno, invece, sono stato magistrato. Dopo ho frequentato il liceo classico e sono rimasto sempre molto soddisfatto.
Mi sono iscritto alla facoltà di Ingegneria e mi sono iscritto all'Università. Per un periodo sono stato un ingegnere civile. Poi ho frequentato il liceo classico e ho frequentato il liceo artistico.
Dopo un anno sono tornato all'Università. Ho iniziato a lavorare e ho iniziato a lavorare nel settore pubblico. Dopo un anno sono andato a fare il magistrato. Ho lavorato nel settore pubblico, mentre il lavoro del magistrato è finito. Dopo ho frequentato la facoltà di ingegneria.
Ho lavorato per 12 anni nel settore pubblico. Ho lavorato per 12 anni nel settore privato. Ho lavorato per 12 anni nel settore pubblico.
Ho lavorato per 12 anni nel settore privato. Ho lavorato per 12 anni nel","

La storia di Palermo, una città che non ha paura di difendere i suoi cittadini.

Mentre il Comune di Palermo è in ginocchio, il 25 aprile del 1947, a 36 anni, la città di Palermo è ancora una città ferita.

Il 28 aprile del 1947 la città di Palermo è stata occupata dai nazifascisti, a cui non è stato permesso di tornare a casa.

La città di Palermo è stata liberata nel 1947.

I cittadini di Palermo non sono stati risparmiati. La città di Palermo è stata liberata dal fascismo.

Il 23 aprile del 1947, il Comune di Palermo è stato liberato dal fascismo.

La città di Palermo è stata liberata nel 1947.

La città di Palermo è stata liberata dal fascismo.

La città di Palermo è stata liberata dal fascismo.

La città di Palermo è stata liberata dal fascismo.

La città di Palermo è stata liberata dal fascismo.

La città di Palermo è stata liberata dal fasc","

In che senso i Palermitani si devono acquattare?

Perché i Palermitani si devono bere?

Perché i palermitani si devono bere?

Perché i Palermitani si devono bere?

Perché i Palermitani si devono bere?

Perché i Palermitani si devono bere?

Perché i Palermitani si devono bere?

Perché i Palermitani si devono bere?

Perché i Palermitani si devono bere?

Perché i Palermitani si devono bere?

Perché i Palermitani si devono bere?

Perché i Palermitani si devono bere?

Perché i Palermitani si devono bere?

Perché i Palermitani si devono bere?

Perché i Palermitani si devono bere?

Perché i Palermitani si devono bere?

Perché i Palermitani si devono bere?

Perché i Palermitani si devono bere?

Perché i Palermitani si devono bere?
"
Neapolitan,Gemini 2.5 - flash,literature,"Bonni, Compà Sebè: Eccome ccà 'e retuorno tunno, frisco, e allerio cchiù 'e chello nche me partette da Napole. Bemmenuto Comparone mio. E comme? me dice, ca te ne vaie pe tre o quatto juorne, e pò te sì stato fora cchiù 'e no mese? Addò te sì nfrociuto tutto stò tiempo? C. E chi te 'o bbò conta? Aggio gerato 'a Lecca e 'a Mecca comme se dice. Aggio mesurato a parmo a parmo tutte 'e Provencie d''o Regno; e mme sò addecriato trovanno pe tutto na coietutene, no ntosiasmo, n'aunione ch'è no Paraviso. Pe 'e strade, a 'e Chiazze, e 'a campagna, 'int'a 'e Taverne, mmiez'a 'e Chiesie auto non stente ca benneziune a 'o Rrè nuosto, a 'o Prencepe, e a 'a Costetozione. Addonca nProvencia non nce sò partite, non nce sò mbruoglie? C. Tu quà mbruoglie, e quà partite, vaie contanno?","Bonni, Compare Sebè: Eccomi qui di ritorno in piena forma, fresco, e più allegro di quanto partii da Napoli.
Benvenuto, Comparone mio.
E come? mi dici che te ne vai per tre o quattro giorni, e poi sei stato fuori più di un mese?
Dove ti sei intrufolato tutto questo tempo?
C. E chi te lo vuole raccontare?
Ho girato Lecce e la Mecca, come si dice.
Ho misurato palmo a palmo tutte le Province del Regno;
e mi sono rallegrato trovando dappertutto una quiete, un entusiasmo, un'unione che è un Paradiso.
Per le strade, nelle Piazze, e in campagna, nelle Taverne, in mezzo alle Chiese non si sente altro che benedizioni al nostro Re, al Principe, e alla Costituzione.
Dunque in Provincia non ci sono fazioni, non ci sono imbrogli?
C. Tu che imbrogli, e che fazioni, vai raccontando?",Come si presenta Bonni appena ritornato a Napoli?,"Eccomi qui di ritorno, sano e salvo, fresco e più allegro di come ero quando partii da Napoli.","La mia domanda è:
– Come posso parlare con un amico di Napoli?
– La risposta è semplice: se voglio parlare con un amico di Napoli non posso essere invitato in un ristorante, ma posso essere invitato a un evento che organizzi un evento di un giorno.
– La risposta è semplice: se voglio parlare con un amico di Napoli, posso essere invitato in un evento di un giorno che organizzi un evento di un giorno?
– La risposta è semplice: se voglio parlare con un amico di Napoli non posso essere invitato in un evento di un giorno che organizzi un evento di un giorno?
– La risposta è semplice: se voglio parlare con un amico di Napoli non posso essere invitato in un evento di un giorno che organizzi un evento di un giorno?
– La risposta è semplice: se voglio parlare con un amico di Napoli non posso essere invitato in un evento di un giorno che organizzi un evento di un giorno?
– La risposta è semplice: se voglio parlare con un amico di Napoli non posso essere invitato in un evento di un giorno che organizzi un evento di un giorno?
– La risposta è semplice: se voglio parlare con un amico di Napoli non posso essere invitato in un evento di un giorno","

La risposta brevemente a questa domanda in italiano

Perché mi ha chiamato?

Perché mi ha chiamato?

Perché mi ha detto che sta per andare in Francia?

Perché mi ha detto che è un’italiana?

Perché mi ha detto che è italiana?

Perché mi ha detto che non è italiana?

Perché mi ha detto che ha un ristorante a Napoli?

Perché mi ha detto che non è italiana?

Perché mi ha detto che è italiana?

Perché mi ha detto che non è italiana?

Perché mi ha detto che non è italiana?

Perché mi ha detto che non è italiana?

Perché mi ha detto che non è italiana?

Perché mi ha detto che non è italiana?

Perché mi ha detto che non è italiana?

Perché mi ha detto che non è italiana?

Perché mi ha detto che non è italiana?

Perché mi ha detto che non è italiana?

Perché mi ha detto che non è italiana?

Perché mi ha detto che non è italiana?

Per","
Bonni, Comparone mio, 10.
Ho fatto un giro, mi ha fatto notare che ci sono persone che parlano bene l'italiano.
Sono un po' stanco, ma quando sono arrivato a Napoli sono rimasto ancora un po' sorpreso.
C. E che ne sai di quella città?
Bonni, Comparone mio, 11.
Bonni, Comparone mio, 12.
E cosa mi dici di Napoli?
Bonni, Comparone mio, 13.
E cosa ci dici della città di Napoli?
Bonni, Comparone mio, 14.
E chi sei?
Bonni, Comparone mio, 15.
Bonni, Comparone mio, 16.
E chi sei?
Bonni, Comparone mio, 17.
E chi sei?
Bonni, Comparone mio, 18.
E chi sei?
Bonni, Comparone mio, 20.
E chi sei?
Bonni, Comparone mio, 21.
E chi sei?
Bonni"
Neapolitan,Gemini 2.5 - flash,literature,"Bonni, Compà Sebè: Eccome ccà 'e retuorno tunno, frisco, e allerio cchiù 'e chello nche me partette da Napole. Bemmenuto Comparone mio. E comme? me dice, ca te ne vaie pe tre o quatto juorne, e pò te sì stato fora cchiù 'e no mese? Addò te sì nfrociuto tutto stò tiempo? C. E chi te 'o bbò conta? Aggio gerato 'a Lecca e 'a Mecca comme se dice. Aggio mesurato a parmo a parmo tutte 'e Provencie d''o Regno; e mme sò addecriato trovanno pe tutto na coietutene, no ntosiasmo, n'aunione ch'è no Paraviso. Pe 'e strade, a 'e Chiazze, e 'a campagna, 'int'a 'e Taverne, mmiez'a 'e Chiesie auto non stente ca benneziune a 'o Rrè nuosto, a 'o Prencepe, e a 'a Costetozione. Addonca nProvencia non nce sò partite, non nce sò mbruoglie? C. Tu quà mbruoglie, e quà partite, vaie contanno?","Bonni, Compare Sebè: Eccomi qui di ritorno in piena forma, fresco, e più allegro di quanto partii da Napoli.
Benvenuto, Comparone mio.
E come? mi dici che te ne vai per tre o quattro giorni, e poi sei stato fuori più di un mese?
Dove ti sei intrufolato tutto questo tempo?
C. E chi te lo vuole raccontare?
Ho girato Lecce e la Mecca, come si dice.
Ho misurato palmo a palmo tutte le Province del Regno;
e mi sono rallegrato trovando dappertutto una quiete, un entusiasmo, un'unione che è un Paradiso.
Per le strade, nelle Piazze, e in campagna, nelle Taverne, in mezzo alle Chiese non si sente altro che benedizioni al nostro Re, al Principe, e alla Costituzione.
Dunque in Provincia non ci sono fazioni, non ci sono imbrogli?
C. Tu che imbrogli, e che fazioni, vai raccontando?","Dopo tanto tempo via, cosa ho fatto e cosa ho trovato girando le Province del Regno?","Ho girato in lungo e in largo, come si suol dire. Ho misurato palmo a palmo tutte le Province del Regno; e mi sono rallegrato trovando dappertutto una quiete, un entusiasmo, un'unione che è un Paradiso.","
Discussioni sul blog 16/12/2017 16:55
Il primo post che mi ha inviato è stato il tuo articolo sulla riforma dell'Inps. E' molto interessante, lo consiglio a tutti.
Discussioni sul blog 16/12/2017 16:56
Il secondo post che mi ha inviato è stato il tuo articolo sulla riforma dell'Inps. E' molto interessante, lo consiglio a tutti.
Discussioni sul blog 16/12/2017 16:41
Discussioni sul blog 16/12/2017 16:41
Il terzo post che mi ha inviato è stato il tuo articolo sulla riforma dell'Inps. E' molto interessante, lo consiglio a tutti.
Discussioni sul blog 16/12/2017 16:35
Il terzo post che mi ha inviato è stato il tuo articolo sulla riforma dell'Inps. E' molto interessante, lo consiglio a tutti.
Discussioni sul blog 16/12/20","
Ho trovato un po’ di tempo per pensare e per fare un po’ di ricerca, ma mi sono chiesto: perché?
Ho avuto la fortuna di trovare un lavoro che mi consentisse di fare le cose che ho sempre desiderato fare e che non mi avrebbe mai permesso di fare, senza il mio permesso, senza il mio impegno, senza il mio impegno per la ricerca?
Mi sono chiesto spesso: perché?
Non ho mai trovato un lavoro che mi consentisse di fare le cose che mi piacerebbe fare, o che mi consentisse di fare un po’ di ricerca.
Ho sempre avuto la mia fiducia e sono felice di essere tornato in questo paese, anche se non è stato facile, perché la mia famiglia è stata per anni un punto di riferimento.
Ho sempre avuto la mia fiducia e sono felice di essere tornato in questo paese, anche se non è stato facile, perché la mia famiglia è stata per anni un punto di riferimento.
Ho sempre avuto la mia fiducia e sono felice di essere tornato in questo paese, anche se non è stato facile, perché la mia famiglia è stata per anni un punto di riferimento.
Ho sempre avuto la mia fiducia e sono felice di essere tornato in questo paese, anche se non è stato","
D. Mi sono imbattuto in un solo giorno, non perché avessi fatto la fatica di fare il giro, ma perché avevo la testa altrove.
E. E poi?
D. Ma, e questo è un altro giorno, e così via.
E. E poi?
D. E poi, e questo è un altro giorno, e così via.
E. E poi?
D. E poi?
E. E poi?
D. E poi?
E. E poi?
E. E poi?
D. E poi?
E. E poi?
D. E poi?
E. E poi?
E. E poi?
E. E poi?
E. E poi?
E. E poi?
D. E poi?
E. E poi?
E. E poi?
E. E poi?
E. E poi?
E. E poi?
E. E poi?
E. E poi?
E. E poi?
E. E poi?
E. E poi?
E. E poi?
E. E poi?
E. E poi?
E. E poi?"
Neapolitan,Gemini 2.5 - flash,literature,"⁠Screvette Vergilejo, comme avimmo ditto 'a Georgeca a nnore 'e Mecenate, ma pecchè era carne, e ogna cu Cornelio Gallo sordato, e poeta, che scriveva, e pparlava comm'a n'Agnelo, e aveva tradutto in latino l'Euforione, e scritto quattro libre d'ammore pe na sbriffea chiammata Citeride ( uh da quanto tiempo sperze) perzò Marone 'n fine d''o quarto libro d''a Georgeca, avea laudato sto Gallo sino a 'e quatto celeste, ma Austo l'ordenaje, che avesse scacato tutto, pocca sto Cornelio a 'o ddereto s'era sbregognato 'n Agitto, addò jette pe Proculatore, e da Gallo deventato cuorvo s'era trovato 'mmescato a cose brutte (diceno 'e mmale lengue a na cognura contro Cesà, e che scommegliato, se fosse isso stisso sfeccagliato) Conca sia, Vergilejo nne zompaje da 'a Georgeca Gallo, e nce mettie 'a favola d'Aresteo.","Scrisse Virgilio, come abbiamo detto, le Georgiche in onore di Mecenate, ma poiché era un tutt'uno con Cornelio Gallo, soldato e poeta, che scriveva e parlava come un Angelo, e aveva tradotto in latino l'Euforione, e scritto quattro libri d'amore per una libertina chiamata Citeride (oh, da quanto tempo dispersi!), perciò Virgilio, alla fine del quarto libro delle Georgiche, aveva lodato questo Gallo fino al cielo. Ma Augusto gli ordinò che cancellasse tutto, perché questo Cornelio si era disonorato in Egitto, dove andò come Procuratore, e da fiero (Gallo) si era trasformato in reietto (corvo), trovandosi immischiato in cose brutte (dicono le malelingue in una congiura contro Cesare, e che, scoperto, si fosse lui stesso suicidato). Comunque sia, Virgilio eliminò dalle Georgiche il riferimento a Gallo, e ci mise la favola di Aristeo.","Chi era Cornelio Gallo, e che faceva di bello prima della sventura?","Cornelio Gallo, soldato e poeta, che scriveva e parlava come un angelo, e aveva tradotto in latino l'Euforione e scritto quattro libri d'amore per una cortigiana chiamata Citeride.","
Cornelio Gallo, un santo inseparabile
L’ultima volta che ho sentito parlare di Cornelio Gallo, ho pensato subito che fosse uno dei santi più importanti di Roma, e che forse non c’era nulla di più importante da fare che seguire i suoi passi.
Era il 1482, quando Cornelio Gallo, un certo Giuseppe, un certo Giovanni da Todi, un certo Giovanni da Siena, un certo Giovanni di Sansevero, un certo Francesco da Sansevero, un certo Bartolomeo da Sansevero, un certo Pietro da Sansevero, un certo Giovanni da Siena, un certo Francesco da Sansevero, un certo Giovanni da Siena, un certo Giovanni da Siena, un certo Giovanni da Siena, un certo Giovanni da Siena, un certo Giovanni da Siena, un certo Giovanni da Siena, un certo Giovanni da Siena, un certo Giovanni da Siena, un certo Giovanni da Siena, un certo Giovanni da Siena, un certo Giovanni da Siena, un certo Giovanni da Siena, un certo Giovanni da Siena, un certo Giovanni da Siena, un certo Giovanni da Siena, un certo Giovanni da Siena, un certo Giovanni da Siena, un certo Giovanni da Siena,","


















































































































































































Lunedì, 04 Aprile 2021 15:38
0
Facebook
Twitter
Pinterest
WhatsApp
Telegram
Facebook Messenger
Email
Condividi
Torna su
Scopri
Cerca
Cerca
Indice della pagina
Passa al contenuto","
In quale momento della storia, in quale momento della storia?
Chi era Cornelio Gallo?
In quale momento della storia?
Quale era il suo nome?
Quale era il suo vero nome?
In quale momento della storia?
Chi era Cornelio Gallo?
Come era stato trattato da Cornelio Gallo?
Cornelio Gallo era un personaggio complesso e di alto livello, che non aveva avuto grandi ascendenze, ma che aveva un'importanza che va oltre la sua persona.
Cornelio Gallo non era un personaggio facile, perché era il più grande di tutti i tempi, e aveva un grande ascendente su di lui, che era il più grande di tutti i tempi.
Cornelio Gallo era un uomo che si trovava in un'epoca di grande progresso, ma che non aveva un grande ascendente su di lui.
Cornelio Gallo era un uomo che non aveva un grande ascendente su di lui, ma che aveva un grande ascendente su di lui, che era il più grande di tutti i tempi, e aveva un grande ascendente su di lui.
Cornelio Gallo era un uomo che non aveva un grande ascendente su"
Neapolitan,Gemini 2.5 - flash,literature,"⁠⁠Screvette Vergilejo, comme avimmo ditto 'a Georgeca a nnore 'e Mecenate, ma pecchè era carne, e ogna cu Cornelio Gallo sordato, e poeta, che scriveva, e pparlava comm'a n'Agnelo, e aveva tradutto in latino l'Euforione, e scritto quattro libre d'ammore pe na sbriffea chiammata Citeride ( uh da quanto tiempo sperze) perzò Marone 'n fine d''o quarto libro d''a Georgeca, avea laudato sto Gallo sino a 'e quatto celeste, ma Austo l'ordenaje, che avesse scacato tutto, pocca sto Cornelio a 'o ddereto s'era sbregognato 'n Agitto, addò jette pe Proculatore, e da Gallo deventato cuorvo s'era trovato 'mmescato a cose brutte (diceno 'e mmale lengue a na cognura contro Cesà, e che scommegliato, se fosse isso stisso sfeccagliato) Conca sia, Vergilejo nne zompaje da 'a Georgeca Gallo, e nce mettie 'a favola d'Aresteo.","Scrisse Virgilio, come abbiamo detto, le Georgiche in onore di Mecenate, ma poiché era un tutt'uno con Cornelio Gallo, soldato e poeta, che scriveva e parlava come un Angelo, e aveva tradotto in latino l'Euforione, e scritto quattro libri d'amore per una libertina chiamata Citeride (oh, da quanto tempo dispersi!), perciò Virgilio, alla fine del quarto libro delle Georgiche, aveva lodato questo Gallo fino al cielo. Ma Augusto gli ordinò che cancellasse tutto, perché questo Cornelio si era disonorato in Egitto, dove andò come Procuratore, e da fiero (Gallo) si era trasformato in reietto (corvo), trovandosi immischiato in cose brutte (dicono le malelingue in una congiura contro Cesare, e che, scoperto, si fosse lui stesso suicidato). Comunque sia, Virgilio eliminò dalle Georgiche il riferimento a Gallo, e ci mise la favola di Aristeo.","Perché l'imperatore Augusto disse a Virgilio di cambiare il testo, facendo eliminare la parte di Gallo?","Augusto glielo ordinò, che cancellasse tutto, perché questo Cornelio si era disonorato gravemente in Egitto, dove andò come Procuratore, e da persona onorevole si era trasformato in un infame, trovandosi immischiato in brutte faccende.","
Perché l'imperatore Augusto disse a Virgilio di cambiare il testo, facendo eliminare la parte di Gallo?
Il latino antico è un'espressione che non può essere tradotta e che non può essere tradotta in italiano. È una delle icone più conosciute dell'antico Egitto e rappresenta un'immagine del Vecchio e del Nuovo Testamento, che non è possibile tradurre.
Perché l'imperatore Augusto disse a Virgilio di cambiare il testo, facendo eliminare la parte di Gallo?
Il latino antico è un'espressione che non può essere tradotta e che non può essere tradotta. È una delle icone più conosciute dell'antico Egitto e rappresenta un'immagine del Vecchio e del Nuovo Testamento, che non è possibile tradurre.
Perché l'imperatore Augusto disse a Virgilio di cambiare il testo, facendo eliminare la parte di Gallo?
Il latino antico è un'espressione che non può essere tradotta e che non può essere tradotta. È una delle icone più conosciute dell'antico Egitto e rappresenta un'immagine del Vecchio e del Nuovo Testamento, che non è possibile tradurre.
Perché l'imperatore Aug","
Rispondi brevemente a questa domanda in italiano

Perché il suo potere si era fatto sempre più forte, con il quale aveva instaurato una vera e propria alleanza, con la quale aveva creato una società, con la quale aveva stabilito un impero e con la quale aveva fatto molti affari?
Rispondi brevemente a questa domanda in italiano

Perché il suo impero era fatto di uomini, che avevano creato una società e che avevano avuto un forte influsso sulla vita di tutti i giorni?
Rispondi brevemente a questa domanda in italiano

Perché il suo impero era fatto di uomini e di donne, che avevano avuto un forte influsso sulla vita di tutti i giorni?
Rispondi brevemente a questa domanda in italiano

Perché, quando i Romani e i Greci si sono alleati con i Parti, il potere si era fatto sempre più forte, con la quale avevano instaurato una vera e propria alleanza, con la quale avevano instaurato una società e che avevano avuto un forte influsso sulla vita di tutti i giorni?
Rispondi brevemente a questa domanda in italiano

Perché, quando i Romani e i Greci si erano","
Perché il testo originale del II sec. a.C. non era scritto in latino?
Perché il testo di cui sopra non era scritto in latino?
Perché il testo originale del II sec. a.C. non era scritto in latino?
Perché la traduzione del II sec. a.C. era scritta in latino?
Perché l'imperatore Augusto aveva la responsabilità di distruggere la parte di Gallo, che era un'imperatrice, perché non era stata scritta in latino?
Perché il testo originale del II sec. a.C. era scritto in latino?
Perché il testo originale del II sec. a.C. non era scritto in latino?
Perché il testo originale del II sec. a.C. era scritto in latino?
Perché il testo originale del II sec. a.C. era scritto in latino?
Perché il testo originale del II sec. a.C. era scritto in latino?
Perché il testo originale del II sec. a.C. era scritto in latino?
Perché il testo originale del II sec. a.C. era scritto in latino?
Perché il testo originale del II sec."
Neapolitan,Gemini 2.5 - flash,literature,"N corte nc'era Polleone Cennerale d'armate, ommo cu 'e baffe, Cesà 'nce ne fice no presiento: nc'era purzì Alfeno Varo, Corneleo Gallo, commannante a guerra cu ll'accellenzeja, tutte se 'o facettero ammico, e Vergilejo l'appe obbreco, pocca dapò 'a struzzejone 'e Bruto, e Cassejo nne 'e campe Felippece s'ordenaje 'a spartenza d''e mmassarie chiù nnillà d''o sciummo Pò a 'e sordate vettoriuse, e nce ncappaje a avè sto guajo Vergilejo, che teneva no campo a Mmanrova pajese sujo, e Polleone che commannava 'n chella Provinceja, nce 'o fice restituì: no mmalora 'e sargente, che se nn'era fatto patrone nne fu cacciato cu na mano nnante, e n'autra dereto, pe 'a quale cosa chisto se pigliaje tanta collera, che ne voleva fruscià Marone, e se no scappava, era fritto, ma po certa bona gente fice strunzo 'n miezo, e ccierte riale nce mettijeno pace, e 'o segillo.","A corte c'era Pollione, Generale d'armate, uomo con i baffi; Cesare gli fece un presente: c'era anche Alfeno Varo, Cornelio Gallo, comandante di guerra con eccellenza; tutti se lo fecero amico, e Virgilio gli fu obbligato, poiché dopo la sconfitta di Bruto e Cassio nei campi Filippici, fu ordinata la spartizione delle proprietà terriere più in là del fiume Po ai soldati vittoriosi, e in questo guaio incappò Virgilio, che possedeva un campo a Mantova, suo paese, e Pollione, che comandava in quella Provincia, glielo fece restituire: un maledetto sergente, che se n'era fatto padrone, ne fu cacciato a mani vuote, per la qual cosa costui si prese tanta collera che voleva frustare Marone (Virgilio), e se non scappava, era perduto, ma poi certa brava gente si intromise per sedare la contesa, e certi regali vi misero pace e il sigillo (all'accordo).",Come veniva descritto Napoleone alla corte?,"Napoleone, generale d'armate, uomo con i baffi","
Era il 1800 e, dopo la morte di Napoleone, il 1800 era un anno molto importante per la storia dell’Europa.
Qui sotto, un breve riassunto di come Napoleone fu il primo imperatore francese a governare la Francia.
Quella che segue è la versione in inglese del testo di Napoleone, ed è un’interpretazione più sintetica, che però non aggiunge nulla alla sua versione in italiano.
Durante la sua vita, Napoleone si recò a Parigi, per studiare le arti e le scienze, e per la prima volta nel 1801 ricevette il premio di condottiero, la carica di generale e la medaglia d’oro.
Come è nata l’idea di un imperatore francese?
Il primo imperatore francese fu Napoleone I (1802-1805), che aveva il compito di sostituire Napoleone con il suo successore, il suo successore, il generale francese Jacques Chirac.
Nel 1808, Napoleone I fu nominato generale e poi, nel 1812, ministro delle finanze.
Quindi","













































































































































































150 anni fa, il 20 giugno 1897, il Presidente dell'Assemblea Nazionale Costituente, Enrico Mattei, scrisse un documento in cui si diceva che la Repubblica Italiana non era costituita da un'assemblea di partito.
La Costituzione della Repubblica Italiana, che è stata modificata, è stata modificata, in quanto la Costituzione è stata","

Come è stato narrato da Napoleone alla corte?

Come era raccontato da Napoleone alla corte?

Come era narrato da Napoleone alla corte?

Quali erano i principali motivi della sua morte?

Potrebbe essere stato Napoleone a morire in pace, a causa delle sue condizioni di salute, oppure era stato un altro che non si era dato pace?

Quali erano i motivi della sua morte?

Sembra che Napoleone fosse morto in pace, e quindi era morto in guerra, e quindi era stato un altro che non si era dato pace?

Quali erano i principali motivi della sua morte?

Come era narrato da Napoleone alla corte?

Potrebbe essere stato Napoleone a morire in pace, a causa delle sue condizioni di salute, oppure era stato un altro che non si era dato pace?

Come era narrato da Napoleone alla corte?

Come era narrato da Napoleone alla corte?

Potrebbe essere stato Napoleone a morire in pace, a causa delle sue condizioni di salute, oppure era stato un altro che non si era dato pace"
Neapolitan,Gemini 2.5 - flash,literature,"N corte nc'era Polleone Cennerale d'armate, ommo cu 'e baffe, Cesà 'nce ne fice no presiento: nc'era purzì Alfeno Varo, Corneleo Gallo, commannante a guerra cu ll'accellenzeja, tutte se 'o facettero ammico, e Vergilejo l'appe obbreco, pocca dapò 'a struzzejone 'e Bruto, e Cassejo nne 'e campe Felippece s'ordenaje 'a spartenza d''e mmassarie chiù nnillà d''o sciummo Pò a 'e sordate vettoriuse, e nce ncappaje a avè sto guajo Vergilejo, che teneva no campo a Mmanrova pajese sujo, e Polleone che commannava 'n chella Provinceja, nce 'o fice restituì: no mmalora 'e sargente, che se nn'era fatto patrone nne fu cacciato cu na mano nnante, e n'autra dereto, pe 'a quale cosa chisto se pigliaje tanta collera, che ne voleva fruscià Marone, e se no scappava, era fritto, ma po certa bona gente fice strunzo 'n miezo, e ccierte riale nce mettijeno pace, e 'o segillo.","A corte c'era Pollione, Generale d'armate, uomo con i baffi; Cesare gli fece un presente: c'era anche Alfeno Varo, Cornelio Gallo, comandante di guerra con eccellenza; tutti se lo fecero amico, e Virgilio gli fu obbligato, poiché dopo la sconfitta di Bruto e Cassio nei campi Filippici, fu ordinata la spartizione delle proprietà terriere più in là del fiume Po ai soldati vittoriosi, e in questo guaio incappò Virgilio, che possedeva un campo a Mantova, suo paese, e Pollione, che comandava in quella Provincia, glielo fece restituire: un maledetto sergente, che se n'era fatto padrone, ne fu cacciato a mani vuote, per la qual cosa costui si prese tanta collera che voleva frustare Marone (Virgilio), e se non scappava, era perduto, ma poi certa brava gente si intromise per sedare la contesa, e certi regali vi misero pace e il sigillo (all'accordo).","Dove aveva un campo Virgilio, e qual era il suo paese?","Virgilio, che aveva un campo a Mantova, suo paese","
Qual era il suo paese?
Dove aveva un campo Virgilio?
Dove aveva un campo Virgilio?
Dove aveva un campo Virgilio?
Dove aveva un campo Virgilio?
Dove aveva un campo Virgilio?
Dove aveva un campo Virgilio?
Dove aveva un campo Virgilio?
Dove aveva un campo Virgilio?
Dove aveva un campo Virgilio?
Dove aveva un campo Virgilio?
Dove aveva un campo Virgilio?
Dove aveva un campo Virgilio?
Dove aveva un campo Virgilio?
Dove aveva un campo Virgilio?
Dove aveva un campo Virgilio?
Dove aveva un campo Virgilio?
Dove aveva un campo Virgilio?
Dove aveva un campo Virgilio?
Dove aveva un campo Virgilio?
Dove aveva un campo Virgilio?
Dove aveva un campo Virgilio?
Dove aveva un campo Virgilio?
Dove aveva un campo Virgilio?
Dove aveva un campo Virgilio?
D","

Era un campo di via Cavour, era un campo di via del Brennero, e dove abitavano i viandanti?

C'era una volta un campo di via del Brennero, e vi era un campo di via del Brennero, dove c'era il campo di via del Brennero, era un campo di via del Brennero, era un campo di via del Brennero, e dove c'era il campo di via del Brennero, era un campo di via del Brennero.

Poco fa ho fatto una domanda, non mi ricordo se c'è stata una persona che ha detto che la via del Brennero è la più bella di Roma, e che la via del Brennero è la più bella di Roma, ma non so chi sia, è una domanda strana,

Mi sono ricordato di questo:
L'anno scorso ho fatto una domanda simile a questa, dove c'era un campo di via del Brennero, e c'era un campo di via del Brennero, e dove c'era il campo di via del Brennero, e dove c'era un campo di via del Bren","
Rispondi brevemente a questa domanda in italiano

Cosa è stato Virgilio?
Rispondi brevemente a questa domanda in italiano

Dove ha preso parte a questa battaglia?
Rispondi brevemente a questa domanda in italiano

Cosa ha fatto di male?
Rispondi brevemente a questa domanda in italiano

Dove ha preso parte alla guerra?
Rispondi brevemente a questa domanda in italiano

Cosa ha fatto di male?
Rispondi brevemente a questa domanda in italiano

Cosa ha fatto di male?
Rispondi brevemente a questa domanda in italiano

Cosa ha fatto di male?
Rispondi brevemente a questa domanda in italiano

Dove ha dato l’ordine a Virgilio?
Rispondi brevemente a questa domanda in italiano

Dove ha dato l’ordine a Virgilio?
Rispondi brevemente a questa domanda in italiano

Dove ha dato l’ordine a Virgilio?
Rispondi brevemente a questa domanda in italiano

Cosa ha fatto di male?
Rispondi brevemente a questa domanda in italiano"
Neapolitan,Gemini 2.5 - flash,literature,"⁠'O viaggio 'e Dante tenette n'ascenzione che duraie tre ore nfino a 'o Trono 'e Dio, cu l'accompagnamiento 'e San Bennardo, e se trovaie a 'e piede d''a Biata Vergene a 'a fine d''a primma vegilia d''o iuorno , secunno 'o rilorgio 'e Gierusalemme, e quanno feneva 'o iuorno apprile 'o rilorgio 'e Sciorenza, potette sentì 'a voce 'e ll'Agnelo Rabiele 'o quale allebrecava 'n Cielo a 'a Mamma Maria, 'e pparole: Ave, Maria, gratia plena, cu 'e quale era dinto a chillo momento salutata da 'e devote suoie d''o popolo taliano quanno asceva 'o iuorno 'e Pasca d''o primmo anno santo. ⁠Che cosa è 'o Nfierno 'e Dante?","Il viaggio di Dante ebbe un'ascensione che durò tre ore fino al Trono di Dio, con l'accompagnamento di San Bernardo, e si trovò ai piedi della Beata Vergine alla fine della prima veglia del giorno, secondo l'orologio di Gerusalemme, e quando finiva il giorno secondo l'orologio di Firenze, poté sentire la voce dell'Angelo Gabriele il quale inneggiava in Cielo alla Mamma Maria, le parole: Ave, Maria, gratia plena, con le quali era in quel momento salutata dalle sue devote del popolo italiano quando sorgeva il giorno di Pasqua del primo anno santo. Che cos'è l'Inferno di Dante?",Quanto tempo durò l'ascensione del viaggio di Dante fino al Trono di Dio?,tre ore fino al Trono di Dio,"


Perché gli scrittori e gli artisti sono così importanti nel mondo dell'arte?


Perché i pittori e gli artisti sono così importanti nel mondo dell'arte?


Perché la pittura è il linguaggio universale dell'arte?


Perché gli artisti e gli artisti sono così importanti nel mondo dell'arte?


Perché l'arte è il linguaggio universale dell'arte?


Perché la pittura è il linguaggio universale dell'arte?


Perché i pittori e gli artisti sono così importanti nel mondo dell'arte?


Perché i pittori e gli artisti sono così importanti nel mondo dell'arte?


Perché la pittura è il linguaggio universale dell'arte?


Perché gli artisti e gli artisti sono così importanti nel mondo dell'arte?


Perché l'arte è il linguaggio universale dell'arte?


Perché i pittori e gli artisti sono così importanti nel mondo dell'arte?


Perché i pittori e gli artisti sono così importanti nel mondo dell'arte?


Perché gli artisti e gli artisti sono così importanti nel mondo dell","











































































































































































Cerca in Gocce di Parole:
Ricerca per:
Home
News
Notizie
19/11/2021
Facebook
Twitter
Pinterest
WhatsApp
Email
Telegram
Cosa significa “#Vaticano?”?
Dio è il Grande: ecco la domanda che è stata posta da","
La risposta è ovvia, il tempo non è durato in eterno, ma è un'altra cosa. Se fossimo tutti in Paradiso, come potremmo fare a meno di un altro tempo?
Perché è così lungo il viaggio?
L'ascensione di Dante era lunga 38 ore, ma non si poteva più salire per non avere problemi. Non si poteva tornare indietro per evitare che il tempo rimanesse, e non si poteva neppure prendere il treno per andare a Firenze.
L'ascensione di Dante è stata molto dura, perché c'erano due treni per raggiungere Firenze e per andare a Firenze. E la prima volta che ci si allontanava da Firenze, il treno si fermava, e c'erano solo due treni.
Solo dopo che Dante si trovava a Firenze, si poteva andare a Firenze per andare a Firenze. Era un viaggio molto lungo, perché c'erano due treni per arrivare a Firenze.
Quanto tempo durò l'ascensione di Dante fino al Trono di Dio?
L'ascensione di Dante è durata 38 ore, quindi il tempo non è durato in eterno. La seconda volta che ci si allontanava da Firenze"
Neapolitan,Gemini 2.5 - flash,literature,"⁠'O viaggio 'e Dante tenette n'ascenzione che duraie tre ore nfino a 'o Trono 'e Dio, cu l'accompagnamiento 'e San Bennardo, e se trovaie a 'e piede d''a Biata Vergene a 'a fine d''a primma vegilia d''o iuorno , secunno 'o rilorgio 'e Gierusalemme, e quanno feneva 'o iuorno apprile 'o rilorgio 'e Sciorenza, potette sentì 'a voce 'e ll'Agnelo Rabiele 'o quale allebrecava 'n Cielo a 'a Mamma Maria, 'e pparole: Ave, Maria, gratia plena, cu 'e quale era dinto a chillo momento salutata da 'e devote suoie d''o popolo taliano quanno asceva 'o iuorno 'e Pasca d''o primmo anno santo. ⁠Che cosa è 'o Nfierno 'e Dante?","Il viaggio di Dante ebbe un'ascensione che durò tre ore fino al Trono di Dio, con l'accompagnamento di San Bernardo, e si trovò ai piedi della Beata Vergine alla fine della prima veglia del giorno, secondo l'orologio di Gerusalemme, e quando finiva il giorno secondo l'orologio di Firenze, poté sentire la voce dell'Angelo Gabriele il quale inneggiava in Cielo alla Mamma Maria, le parole: Ave, Maria, gratia plena, con le quali era in quel momento salutata dalle sue devote del popolo italiano quando sorgeva il giorno di Pasqua del primo anno santo. Che cos'è l'Inferno di Dante?",Con chi viaggiò Dante durante la sua ascensione?,con l'accompagnamento di San Bernardo,"
Dante, che per la sua ascensione non era conosciuto come un soldato, che si trovava in un luogo deserto per un periodo di tempo, si era trovato a dover fronteggiare un nemico e aveva perso la vita.
Dante, che era stato in viaggio verso la Terra promessa, aveva bisogno di trovare una soluzione alla sua situazione.
Dante, che era stato in viaggio verso la Terra promessa, si era trovato a dover fronteggiare un nemico e aveva perso la vita.
Dante, che era stato in viaggio verso la Terra promessa, si era trovato a dover fronteggiare un nemico e aveva perso la vita.
Dante, che era stato in viaggio verso la Terra promessa, si era trovato a dover fronteggiare un nemico e aveva perso la vita.
Dante, che era stato in viaggio verso la Terra promessa, si era trovato a dover fronteggiare un nemico e aveva perso la vita.
Dante, che era stato in viaggio verso la Terra promessa, si era trovato a dover fronteggiare un nemico e aveva perso la vita.
Dante, che era stato in viaggio verso la Terra promessa, si era trovato a dover fronteggiare un nemico e aveva perso la vita.
Dante, che era","

A quale discendente di Dante si riferisce?

In quale discendente di Dante si riferisce?

Con chi viaggiò Dante durante la sua ascensione?

Cosa ne pensa di questo viaggio?

Cosa ne pensa di questo viaggio?

Chi lo ha visto?

Cosa ne pensa di questo viaggio?

Chi lo ha visto?

Cosa ne pensa di questo viaggio?

Chi lo ha visto?

Cosa ne pensa di questo viaggio?

Cosa ne pensa di questo viaggio?

Cosa ne pensa di questo viaggio?

Cosa ne pensa di questo viaggio?

Cosa ne pensa di questo viaggio?

Cosa ne pensa di questo viaggio?

Cosa ne pensa di questo viaggio?

Chi lo ha visto?

Cosa ne pensa di questo viaggio?

Cosa ne pensa di questo viaggio?

Chi lo ha visto?

Cosa ne pensa di questo viaggio?

Cosa ne pensa di questo viaggio?

Chi lo ha visto?

Cosa ne pensa di questo viaggio?

Chi lo ha visto?

Cosa ne pensa","
Come ti sei trovato?
Ho visto la tua intervista, ho visto la tua foto e ho avuto un’impressione diversa.
Cos’è il tuo viaggio di Dante?
In questo momento non sono in grado di capire, ma mi sono reso conto che ho avuto una forte attrazione per l’umanità.
Cosa mi è piaciuto di più di questa esperienza?
Una bella esperienza.
Quali sono i tuoi ricordi più belli?
Ho fatto un viaggio in bicicletta durante la mia ascensione e poi sono tornato a casa.
Cosa ti ha colpito di più della tua esperienza?
Ho avuto una sensazione diversa.
Che cosa pensi del mio viaggio di Dante?
Mi sono detto: “Voglio andare alla scoperta del mondo”.
Cosa pensi dell’esperienza di Dante?
Ho avuto una grande sorpresa quando ho visto che un ragazzo si era presentato a un incontro con una donna.
Cosa ti ha colpito di più della tua esperienza?
Mi sono sentito come se mi stessi guardando in una strada affollata, mi sono sentito come se avessi sentito un rumore di sottofondo e mi sentissi come se avessi sentito il rumore di un tuono.
Cosa ti ha colpito di più della"
Neapolitan,Gemini 2.5 - flash,literature,"⁠'O Nfierno 'e Dante non è autro che 'o ritratto d''o Nfierno 'e chisto munno quanno l'abbitante suoie vanno contro a 'e llegge d''o Stato, accideno, arrobbano, scannano, tradisceno, e chisto è Nfierno; 'o Priatorio è 'o ritratto 'e na Monarchia iusta, pecchè è veramente Monarchia Cattoleca. ⁠Dante dinto a 'o Nfierno vò accoietà ll'ire d''e popole, predecanno 'a Pace; dinto a 'o Priatorio vò portà sti popole a 'a dipennenzia d''e llegge 'e Dio e d''a terra, predecanno 'e Birtù e 'a moralità; dinto a 'o Paraviso 'e vò portà a 'a dipennenzia assoluta 'e Dio, predecanno 'a Fede.","L'Inferno di Dante non è altro che il ritratto dell'Inferno di questo mondo quando i suoi abitanti vanno contro le leggi dello Stato, uccidono, rubano, sgozzano, tradiscono, e questo è Inferno; il Purgatorio è il ritratto di una Monarchia giusta, perché è veramente Monarchia Cattolica. Dante nell'Inferno vuole acquietare le ire dei popoli, predicando la Pace; nel Purgatorio vuole portare questi popoli alla dipendenza dalle leggi di Dio e della terra, predicando le Virtù e la moralità; nel Paradiso li vuole portare alla dipendenza assoluta da Dio, predicando la Fede.","Secondo il testo, cosa rappresenta il Purgatorio?","Il Purgatorio è il ritratto di una Monarchia giusta, perché è veramente Monarchia Cattolica.","
La risposta è semplice: il Paradiso. Si tratta di una delle opere più famose di Dante Alighieri.
In questo articolo si parla di Purgatorio, di Dante, di Paradiso e di una delle opere più famose di Dante Alighieri.
Dante Alighieri, in realtà, è una delle opere più famose di Dante Alighieri.
Il Paradiso è un’opera di Dante, che ha per protagonista il poeta. Si tratta di un’opera che, al pari di tutte le altre, si concentra sulla figura del poeta e sui suoi rapporti con il Paradiso.
Dante Alighieri, in realtà, è una delle opere più famose di Dante Alighieri.
Il Paradiso è un’opera che ha per protagonista il poeta Dante Alighieri. Si tratta di un’opera che, al pari di tutte le altre, si concentra sulla figura del poeta e sui suoi rapporti con il Paradiso.
La vita di Dante Alighieri è stata molto intensa. È stato protagonista di alcune delle sue opere più famose, tra cui l’ultima, La vita è bella.
In questo articolo si parla di Dante Alighieri, di Purgatorio, di Paradiso e di un’altra opera di","
In questa pagina si può trovare un testo in italiano di alcuni dei termini del Purgatorio, come:
""L'Angelo del Paradiso"", che indica il Purgatorio, indica che la sua vita si svolge all'interno di una sfera celeste, mentre il Purgatorio è rappresentato dall'Angelo del Paradiso, che rappresenta l'umanità.
""L'Uomo del Purgatorio"", che indica il Paradiso, significa che il Paradiso è in realtà un luogo di nascita, di morte, di espiazione, di redenzione, di dolore, di salvezza, di redenzione.
""L'Angelo del Paradiso"", che indica il Paradiso, significa che il Paradiso è un luogo di morte, di resurrezione, di redenzione, di redenzione.
""L'Angelo del Paradiso"", che indica il Paradiso, significa che il Paradiso è un luogo di morte, di resurrezione, di redenzione, di salvezza, di redenzione.
""L'Angelo del Paradiso"", che indica il Paradiso, significa che il Paradiso è un luogo di morte, di redenzione, di salvezza, di redenzione, di redenzione.
""L'Angelo del Paradiso"", che indica il Paradiso, significa che il Paradiso è","
L'Inferno è il luogo in cui la morte è più forte, e la morte è più forte. La morte è più forte di tutto ciò che l'uomo ha vissuto. Il Purgatorio è il luogo in cui la vita si realizza pienamente e in cui la morte è più forte.
L'Inferno è il luogo in cui la vita si realizza pienamente e in cui la morte è più forte. Il Purgatorio è il luogo in cui la vita si realizza pienamente e in cui la morte è più forte.
Dove si trova il Purgatorio?
Il Purgatorio si trova nella terra di San Giovanni Bosco e si trova nella grotta di S. Giovanni Bosco. Il Purgatorio è il luogo in cui la vita si realizza pienamente e in cui la morte è più forte.
Come si raggiunge il Purgatorio?
Il Purgatorio si trova in un luogo più grande e più vicino al luogo in cui l'uomo vive, dove è nato e dove è morto. Il Purgatorio si trova a metà strada tra il Purgatorio e l'Inferno.
Quali sono le cose più importanti da sapere sul Purgatorio?
Il Purgatorio"
Neapolitan,Gemini 2.5 - flash,literature,"⁠'O Nfierno 'e Dante non è autro che 'o ritratto d''o Nfierno 'e chisto munno quanno l'abbitante suoie vanno contro a 'e llegge d''o Stato, accideno, arrobbano, scannano, tradisceno, e chisto è Nfierno; 'o Priatorio è 'o ritratto 'e na Monarchia iusta, pecchè è veramente Monarchia Cattoleca. ⁠Dante dinto a 'o Nfierno vò accoietà ll'ire d''e popole, predecanno 'a Pace; dinto a 'o Priatorio vò portà sti popole a 'a dipennenzia d''e llegge 'e Dio e d''a terra, predecanno 'e Birtù e 'a moralità; dinto a 'o Paraviso 'e vò portà a 'a dipennenzia assoluta 'e Dio, predecanno 'a Fede.","L'Inferno di Dante non è altro che il ritratto dell'Inferno di questo mondo quando i suoi abitanti vanno contro le leggi dello Stato, uccidono, rubano, sgozzano, tradiscono, e questo è Inferno; il Purgatorio è il ritratto di una Monarchia giusta, perché è veramente Monarchia Cattolica. Dante nell'Inferno vuole acquietare le ire dei popoli, predicando la Pace; nel Purgatorio vuole portare questi popoli alla dipendenza dalle leggi di Dio e della terra, predicando le Virtù e la moralità; nel Paradiso li vuole portare alla dipendenza assoluta da Dio, predicando la Fede.","Qual è lo scopo di Dante nell'Inferno, secondo il testo?","Dante nell'Inferno vuole acquietare le ire dei popoli, predicando la Pace.","
L'Inferno è un'opera letteraria di Dante, che descrive una delle pagine più difficili della sua vita.
Tuttavia, la sua visione dell'Inferno è molto diversa da quella che conosciamo oggi: si riferisce al ""Cristo che è in noi"", ad un'umanità che non è ancora giunta a un'età piena di esperienze e di esperienze, ma è sempre più lontana da noi.
Questo ""Cristo che è in noi"" è un'opera letteraria che mette in evidenza la difficoltà di una generazione di uomini di fronte a una ""crisi di fede"".
""Questo è un grande libro"" è un'opera letteraria di Dante che mette in evidenza il concetto di ""crisi di fede"" in un periodo storico come questo.
È stato scritto circa 4000 anni fa. Dante ha scritto una delle pagine più difficili della sua vita: la caduta del Muro di Berlino.
Questo libro, in realtà, parla di un'umanità che è arrivata a un'età piena di esperienze e di esperienze, ma è sempre più lontana da noi.
È stato scritto circa 4000 anni fa.
Questa è la pagina più difficile della nostra vita","
Dante è il ""principe della filosofia"" (V. Dante) e il ""principe della poesia"" (P. Dante).
Dante è il ""principe della verità"" (V. Dante) e il ""principe della verità"" (P. Dante).

Dante è il ""principe della verità"" (V. Dante) e il ""principe della verità"" (P. Dante).
Dante è il ""principe della verità"" (V. Dante) e il ""principe della verità"" (P. Dante).

Dante è il ""principe della verità"" (V. Dante) e il ""principe della verità"" (P. Dante).

Dante è il ""principe della verità"" (V. Dante) e il ""principe della verità"" (P. Dante).

Dante è il ""principe della verità"" (V. Dante) e il ""principe della verità"" (P. Dante).

Dante è il ""principe della verità"" (V. Dante) e il ""principe della verità"" (P","

Solo chi è nato in questo mondo o ha già avuto un'esperienza di vita in questo mondo può capire. Ma chi è nato in questo mondo?

Se si tratta di un uomo o di una donna, ebbene, l'uomo è il più grande dei tre, ma il più grande dei tre. Se tu sei nato in questo mondo, come puoi conoscere l'uomo?

Se tu sei nato in questo mondo, come posso conoscere l'uomo?


Se tu sei nato in questo mondo, come posso conoscere l'uomo?

Se tu sei nato in questo mondo, come posso conoscere l'uomo?

Se tu sei nato in questo mondo, come posso conoscere l'uomo?

Se tu sei nato in questo mondo, come posso conoscere l'uomo?


Se tu sei nato in questo mondo, come posso conoscere l'uomo?


Se tu sei nato in questo mondo, come posso conoscere l'uomo?


Se tu sei nato in questo mondo, come posso conoscere l'uomo?



Se tu sei nato in questo mondo, come posso conoscere l'uomo?









"
Neapolitan,Gemini 3 pro - preview,literature,"Ma 'a goccia 'e sanghe appena tuccaje terra addeventaje na palummella ca llà pe' llà se ne vulaje. 'A brutta saracina, allora, s'arrampecaje 'ncopp'a ll'arbe'. Turnaje 'o figlio d”o re cu' 'a carrozza, e comme 'a verette dicette:
 Ire 'janca comm”o latte e rossa comm”o sanghe. Comm'è ca si' addeventata accussì nera? E 'a brutta saracina rispunnette:
 E' venuto fore 'o sole, e m'ha cagnato culore. E 'o figlio d”o re:
 E comm'è ca hè cagnato voce? E essa:
 E' venuto fore 'o viento, e m'ha cagnato parlamento. Ma ire accussì bella e mò si' accussì brutta! E essa:
 E' venuta pur”a brezza, e m'ha cagnato 'a bellezza! Basta, isso 'a facette sagli' 'ncarrozza e 'a purtaje a palazzo.","Ma la goccia di sangue appena toccò terra divenne una farfallina che subito volò via. La brutta saracena, allora, si arrampicò sull'albero. Tornò il figlio del re con la carrozza, e appena la vide disse:
Eri bianca come il latte e rossa come il sangue. Com'è che sei diventata così nera? E la brutta saracena rispose:
È uscito il sole, e mi ha cambiato colore. E il figlio del re:
E com'è che hai cambiato voce? E lei:
È uscito il vento, e mi ha cambiato il modo di parlare. Ma eri così bella e ora sei così brutta! E lei:
È venuta pure la brezza, e mi ha cambiato la bellezza! Alla fine, lui la fece salire in carrozza e la portò a palazzo.",Cosa fece la brutta saracena subito dopo che la ragazza volò via?,Si arrampicò sull'albero.,"
Rispondi brevemente a questa domanda
Rispondi brevemente a questa domanda
Rispondi brevemente a questa domanda
Rispondi brevemente a questa domanda
Rispondi brevemente a questa domanda
Rispondi brevemente a questa domanda
Rispondi brevemente a questa domanda
Rispondi brevemente a questa domanda
Rispondi brevemente a questa domanda
Rispondi brevemente a questa domanda
Rispondi brevemente a questa domanda
Rispondi brevemente a questa domanda
Rispondi brevemente a questa domanda
Rispondi brevemente a questa domanda
Rispondi brevemente a questa domanda
Rispondi brevemente a questa domanda
Rispondi brevemente a questa domanda
Rispondi brevemente a questa domanda
Rispondi brevemente a questa domanda
Rispondi brevemente a questa domanda
Rispondi brevemente a questa domanda
Rispondi brevemente a questa domanda
Rispondi brevemente a questa domanda
Rispondi brevemente a questa domanda
Rispondi brevemente a questa domanda
Rispondi brevemente a questa domanda
Rispondi brevemente a questa domanda
Rispondi brevemente a","

Abbassò la testa per vedere se era la sua ragazza e se la stava guardando?

Abbassò la testa per vedere se era la sua ragazza e se la stava guardando?

Abbassò la testa per vedere se era la sua ragazza e se la stava guardando?

Abbassò la testa per vedere se era la sua ragazza e se la stava guardando?

Abbassò la testa per vedere se era la sua ragazza e se la stava guardando?

Abbassò la testa per vedere se era la sua ragazza e se la stava guardando?

Abbassò la testa per vedere se era la sua ragazza e se la stava guardando?

Abbassò la testa per vedere se era la sua ragazza e se la stava guardando?

Abbassò la testa per vedere se era la sua ragazza e se la stava guardando?

Abbassò la testa per vedere se era la sua ragazza e se la stava guardando?

Abbassò la testa per vedere se era la sua ragazza e se la stava guardando?

Abbassò la testa per vedere se era la sua ragazza e se la stava","

E la brutta saracena si gettò in mare, e la portò a palazzo.

E la brutta saracena volò via.

E la bella saracena si gettò in mare, e la portò a palazzo.

E la bella saracena si gettò in mare, e la portò a palazzo.

E la brutta saracena volò via.

E la bella saracena si gettò in mare, e la portò a palazzo.

E la bella saracena si gettò in mare, e la portò a palazzo.

E la bella saracena si gettò in mare, e la portò a palazzo.

E la bella saracena si gettò in mare, e la portò a palazzo.

E la bella saracena volò via.

E la bella saracena si gettò in mare, e la portò a palazzo.

E la bella saracena si gettò in mare, e la portò a palazzo.

E la bella saracena volò via.

E la bella saracena volò via.
"
Neapolitan,Gemini 3 pro - preview,literature,"Ma 'a goccia 'e sanghe appena tuccaje terra addeventaje na palummella ca llà pe' llà se ne vulaje. 'A brutta saracina, allora, s'arrampecaje 'ncopp'a ll'arbe'. Turnaje 'o figlio d”o re cu' 'a carrozza, e comme 'a verette dicette:
 Ire 'janca comm”o latte e rossa comm”o sanghe. Comm'è ca si' addeventata accussì nera? E 'a brutta saracina rispunnette:
 E' venuto fore 'o sole, e m'ha cagnato culore. E 'o figlio d”o re:
 E comm'è ca hè cagnato voce? E essa:
 E' venuto fore 'o viento, e m'ha cagnato parlamento. Ma ire accussì bella e mò si' accussì brutta! E essa:
 E' venuta pur”a brezza, e m'ha cagnato 'a bellezza! Basta, isso 'a facette sagli' 'ncarrozza e 'a purtaje a palazzo.","Ma la goccia di sangue appena toccò terra divenne una farfallina che subito volò via. La brutta saracena, allora, si arrampicò sull'albero. Tornò il figlio del re con la carrozza, e appena la vide disse:
Eri bianca come il latte e rossa come il sangue. Com'è che sei diventata così nera? E la brutta saracena rispose:
È uscito il sole, e mi ha cambiato colore. E il figlio del re:
E com'è che hai cambiato voce? E lei:
È uscito il vento, e mi ha cambiato il modo di parlare. Ma eri così bella e ora sei così brutta! E lei:
È venuta pure la brezza, e mi ha cambiato la bellezza! Alla fine, lui la fece salire in carrozza e la portò a palazzo.",Cosa rispose lei quando il figlio del re le domandò perché aveva cambiato voce?,"È venuto il vento, e mi ha cambiato il modo di parlare.","
Era un'altra cosa. Era un'altra cosa che non c'è più.
A volte la donna è una madre, una figlia, un padre. E la madre è una donna.
Una donna è una donna.
E il padre è una donna.
E la figlia è una donna.
Non c'è più.
E la figlia è una donna.
E la figlia è una donna.
La madre è una donna.
E la figlia è una donna.
E la figlia è una donna.
E la figlia è una donna.
E la figlia è una donna.
E la figlia è una donna.
E la figlia è una donna.
E la figlia è una donna.
E la figlia è una donna.
E la figlia è una donna.
E la figlia è una donna.
E la figlia è una donna.
E la figlia è una donna.
E la figlia è una donna.
E la figlia è una donna.
E la figlia è una donna.
E la figlia è una donna.
E la figlia è una donna.
E la figlia è una donna.
E la figlia è una donna.
E la","

Cosa rispose quando il figlio del re le domandò perché aveva cambiato voce?

Come era possibile che il figlio del re le domandò perché aveva cambiato voce?

Cosa rispose quando il figlio del re le domandò perché aveva cambiato voce?


Cosa rispose quando il figlio del re le domandò perché aveva cambiato voce?


Cosa rispose quando il figlio del re le domandò perché aveva cambiato voce?


Cosa rispose quando il figlio del re le domandò perché aveva cambiato voce?


Cosa rispose quando il figlio del re le domandò perché aveva cambiato voce?


Cosa rispose quando il figlio del re le domandò perché aveva cambiato voce?


Cosa rispose quando il figlio del re le domandò perché aveva cambiato voce?


Cosa rispose quando il figlio del re le domandò perché aveva cambiato voce?



Cosa rispose quando il figlio del re le domandò perché aveva cambiato voce?


Cosa rispose quando il figlio del re le domandò perché aveva cambiato voce?


Cosa rispose quando il figlio del re le","

Ma la goccia di sangue era ancora sul balcone, e la tristezza era ancora sul suo viso.

E poi lei:
Quando il figlio del re, che era un povero contadino, ebbe bisogno di bere del vino, e di lavare i piatti, e di bere il latte, e di bere il latte, e di lavarsi i denti, e di lavarsi i piedi, e di lavarsi le orecchie, e di lavarsi i piedi, e di lavarsi i piedi, e di lavarsi le orecchie, e di lavarsi i piedi, e di lavarsi i piedi, e di lavarsi le orecchie, e di lavarsi i piedi, e di lavarsi i piedi, e di lavarsi le orecchie, e di lavarsi i piedi, e di lavarsi i piedi, e di lavarsi le orecchie, e di lavarsi i piedi, e di lavarsi i piedi, e di lavarsi le orecchie, e di lavarsi i piedi, e di lavarsi i piedi, e di lavarsi i piedi, e di lavarsi i piedi, e di lavarsi i piedi, e di lavarsi i piedi, e di lavarsi i piedi, e di lavarsi i piedi"
Neapolitan,Gemini 2.5 - flash,wiki,"D' ogne pertuso 'a lacerta asceva, 
'O toro cu 'a vacca s' accostava, 
'O caperrone cu 'a crapa steva;. Non è 'e Foggia ed è no caparrone 
non è 'e Massa ed ha 'e piede chiatte, 
non è 'e Coglionise ed è cu ll'one.f. Capá vruoccoli e. Allora,. Nun è comme a muglierema che, a' casa, 
quann'io ce vaco cu sti bbracce rotte, 
è capace 'e me 'e' quase ogne notte: 
- Ma comme, sulo ccà nun vuo' scupa'?. Ma po' facennome 'a serenata 
tutt' 'o strumento s'eva scurdato 
e 'o «mi» pruvaie 
a «re» tuccaie 
ma nun fuie capace 
e i' ce 'o cantaie st'atu rechie e pace. Nun te puó maje fidà, fatte capace! Fatte capace: aje voglia ca sî ffino 
'a vita te fa scemo, si 'e piace .","Da ogni buco la lucertola usciva,
Il toro con la vacca si avvicinava,
Il caprone con la capra stava;.
Non è di Foggia ed è un caprone
non è di Massa e ha i piedi piatti,
non è di Coglionise ed è con gli ""oni"" (con i coglioni). Capisci i broccoletti e. Allora,.
Non è come mia moglie che, a casa,
quando io ci vado con queste braccia rotte,
è capace di farmelo pesare quasi ogni notte:
- Ma come, solo qui non vuoi spazzare?.
Ma poi facendomi la serenata
tutto lo strumento si era scordato
e provò il «mi»
e toccò il «re»
ma non fu capace
e io gli cantai quest'altro: ""orecchie e pace"".
Non ti puoi mai fidare, renditi conto!
Renditi conto: per quanto tu possa essere astuto
la vita ti rende sciocco, se le piace.",Che tipo di scena viene descritta quando si parla di buchi e degli animali che uscivano?,Da ogni buco la lucertola usciva.,"

E se fosse il momento di mettere in scena la scena?

Il momento è l'istante in cui il regista si muove e non la sua macchina da presa.
Un'altra scena è quando il regista si sposta e non la sua macchina da presa.
Può accadere che il regista si concentri troppo sul momento che è stato in scena?
Qual è la scena in cui il regista non sta fermo?
Dove si trova la scena?
Può essere che il regista non stia fermo?
Può essere che il regista stia fermo?
Può essere che il regista stia fermo?
Può essere che il regista stia fermo?
Può essere che il regista stia fermo?
Può essere che il regista stia fermo?
Cosa succede quando il regista si trova fermo?
La scena in cui il regista sta fermo è un po' come se fosse immobile.
Dove si trova la scena?
Il regista si muove a velocità controllata e la scena è la stessa.
Dove si trova la scena?
La scena si trova esattamente a velocità controllata.
La scena si trova esattamente dove sta il regista.
Può essere","
Quando il buco era di dimensioni ridotte, le scene sono state girate in modo abbastanza veloce, e i buchi sono stati fatti con molta attenzione.
Quando i buchi sono stati fatti con molta attenzione, si è parlato di un sacco di buchi e di animali, e non di buchi.
Quando i buchi sono stati fatti con molta attenzione, si è parlato di un sacco di buchi e di animali.
Quando i buchi sono stati fatti con molta attenzione, si è parlato di un sacco di buchi e di animali.
Che differenza c'è tra le scene in cui i buchi sono stati fatti con molta attenzione e i buchi sono stati fatti con molta attenzione?
In generale, è stato detto che i buchi non sono stati fatti con molta attenzione, ma piuttosto con molta attenzione.
Quando i buchi sono stati fatti con molta attenzione, si è parlato di un sacco di buchi e di animali, e non di buchi.
Quando i buchi sono stati fatti con molta attenzione, si è parlato di un sacco di buchi e di animali, e non di buchi.
I buchi sono stati fatti con molta attenzione, e non di buchi.
Il","
Il buco è un piccolo rettangolo di circa 10×15 cm che si sviluppa con una superficie piana, il suo bordo è a volte sottile e di forma circolare.
Il buco è formato da 15×15 cm e presenta un diametro di circa 6 cm.
Il buco è formato da due strisce diagonali che si sovrappongono l'una sull'altra e che formano un quadrato che si sviluppa come un quadrato.
Il buco è formato da due strisce diagonali che si sovrappongono l'una sull'altra e che formano un quadrato che si caratterizza per essere un rettangolo di circa 3 cm.
Il buco è formato da due strisce diagonali che si sovrappongono l'una sull'altra e che formano un quadrato che si caratterizza per essere un rettangolo di circa 3 cm.
Il buco è formato da due strisce diagonali che si sovrappongono l'una sull'altra e che formano un quadrato che si caratterizza per essere un rettangolo di circa 3 cm.
Il buco è formato da due strisce diagonali che si sovrappongono l'una sull'altra e che formano"
Neapolitan,Gemini 2.5 - flash,wiki,"D' ogne pertuso 'a lacerta asceva, 
'O toro cu 'a vacca s' accostava, 
'O caperrone cu 'a crapa steva;. Non è 'e Foggia ed è no caparrone 
non è 'e Massa ed ha 'e piede chiatte, 
non è 'e Coglionise ed è cu ll'one.f. Capá vruoccoli e. Allora,. Nun è comme a muglierema che, a' casa, 
quann'io ce vaco cu sti bbracce rotte, 
è capace 'e me 'e' quase ogne notte: 
- Ma comme, sulo ccà nun vuo' scupa'?. Ma po' facennome 'a serenata 
tutt' 'o strumento s'eva scurdato 
e 'o «mi» pruvaie 
a «re» tuccaie 
ma nun fuie capace 
e i' ce 'o cantaie st'atu rechie e pace. Nun te puó maje fidà, fatte capace! Fatte capace: aje voglia ca sî ffino 
'a vita te fa scemo, si 'e piace .","Da ogni buco la lucertola usciva,
Il toro con la vacca si avvicinava,
Il caprone con la capra stava;.
Non è di Foggia ed è un caprone
non è di Massa e ha i piedi piatti,
non è di Coglionise ed è con gli ""oni"" (con i coglioni). Capisci i broccoletti e. Allora,.
Non è come mia moglie che, a casa,
quando io ci vado con queste braccia rotte,
è capace di farmelo pesare quasi ogni notte:
- Ma come, solo qui non vuoi spazzare?.
Ma poi facendomi la serenata
tutto lo strumento si era scordato
e provò il «mi»
e toccò il «re»
ma non fu capace
e io gli cantai quest'altro: ""orecchie e pace"".
Non ti puoi mai fidare, renditi conto!
Renditi conto: per quanto tu possa essere astuto
la vita ti rende sciocco, se le piace.",Il testo ci dice una cosa di questa persona: non è di Foggia. E allora che cos'è?,Non è di Foggia ed è un testone.,"
Si, è una persona. E in questo modo, la cosa più importante da dire è che è una persona.
Il senso di questo termine è, in senso lato, che è una persona.
Sia chiaro, non è una persona.
In effetti, è una persona.
E come si può pensare che un'altra persona sia una persona?
Ma soprattutto, come si può pensare che una persona sia una persona?
È una persona che ha la testa un po' da uomo.
E come si può pensare che un'altra persona sia una persona?
Se si dice che un'altra persona è una persona, allora si potrebbe dire che è una persona.
Ma se si dice che una persona è una persona, allora si potrebbe dire che è una persona.
E se si dice che una persona è una persona, allora si potrebbe dire che è una persona.
E se si dice che una persona è una persona, allora si potrebbe dire che è una persona.
Come si può pensare che una persona è una persona?
E se si dice che una persona è una persona, allora si potrebbe dire che è una persona.
Ma se si dice che una persona è una persona, allora si","
Diciamo che è di Foggia. E allora che cos'è?
E allora che cos'è?
Diciamo che è di Foggia. E allora che cos'è?
Diciamo che è di Foggia. E allora che cos'è?
E quindi, per rispondere a questa domanda, si può dire che è di Foggia. E quindi, per rispondere a questa domanda, si può dire che è di Foggia. E allora che cos'è?
La risposta a questa domanda è che è di Foggia. E quindi, per rispondere a questa domanda, si può dire che è di Foggia. E quindi, per rispondere a questa domanda, si può dire che è di Foggia. E quindi, per rispondere a questa domanda, si può dire che è di Foggia. E quindi, per rispondere a questa domanda, si può dire che è di Foggia. E quindi, per rispondere a questa domanda, si può dire che è di Foggia.
Sulla base di questa risposta, la risposta è che c'è qualcosa di simile a questo?
E quindi c'è qualcosa di simile a questo?
Il testo ci dice una cosa di questa persona: che è di Foggia. E quindi, per rispondere a","
Se siamo in Foggia, non si parla d'altro che di questa gente, che non si è mai fatta conoscere, e che non ha mai vissuto, e che non è mai stata una cosa per noi, ma non è mai stata una cosa per nessuno.
Solo che non è una cosa per tutti, perché tutti hanno il diritto di sapere qualcosa, e non è una cosa per tutti.
Il discorso è un po' complesso, ma vale la pena di affrontarlo.
Non è di Foggia che si parla.
Però, come ti ho detto, la vita è un'altra cosa.
Se non ti piace, non c'è nessuno che te lo tocchi.
Non è di Massa.
Non è di Coglioniamo.
Non è di Massa.
Non è di Coglioniamo.
Non è di Coglioniamo.
Non è di Coglioniamo.
Non è di Coglioniamo.
Non è di Coglioniamo.
Non è di Coglioniamo.
Non è di Coglioniamo.
Non è di Coglioniamo.
Non è di Coglioniamo.
Non è di Coglion"
Neapolitan,Gemini 2.5 - flash,wiki,"D' ogne pertuso 'a lacerta asceva, 
'O toro cu 'a vacca s' accostava, 
'O caperrone cu 'a crapa steva;. Non è 'e Foggia ed è no caparrone 
non è 'e Massa ed ha 'e piede chiatte, 
non è 'e Coglionise ed è cu ll'one.f. Capá vruoccoli e. Allora,. Nun è comme a muglierema che, a' casa, 
quann'io ce vaco cu sti bbracce rotte, 
è capace 'e me 'e' quase ogne notte: 
- Ma comme, sulo ccà nun vuo' scupa'?. Ma po' facennome 'a serenata 
tutt' 'o strumento s'eva scurdato 
e 'o «mi» pruvaie 
a «re» tuccaie 
ma nun fuie capace 
e i' ce 'o cantaie st'atu rechie e pace. Nun te puó maje fidà, fatte capace! Fatte capace: aje voglia ca sî ffino 
'a vita te fa scemo, si 'e piace .","Da ogni buco la lucertola usciva,
Il toro con la vacca si accostava,
Il caprone con la capra stava;. Non è di Foggia ed è un testone,
non è di Massa ed ha i piedi piatti,
non è di Coglionise ed è con le unghie.f. Perdere tempo e. Allora,. Non è come mia moglie che, a casa,
quando io ci vado con queste braccia rotte (stanco),
è capace di rinfacciarmi quasi ogni notte:
- Ma come, solo qui non vuoi spazzare?.
Ma poi facendomi la serenata
tutto lo strumento si era dimenticato
e il «mi» provò
a «re» toccò
ma non fu capace
e io glielo cantai (per ottenere) quest'altra pace e quiete.
Non ti puoi mai fidare, renditi conto! Renditi conto: è inutile che tu sia così astuto
la vita ti rende sciocco, se le piace.","A proposito della moglie e del marito che lavora, cosa succede spesso a casa quando lui ha le braccia rotte?","Non è come mia moglie che, a casa, quando io ci vado con queste braccia rotte, è capace di chiedermi quasi ogni notte: - Ma come, solo qui non vuoi spazzare?","
A volte capita che si svegli il cuore e si cerchi di capire cosa sia successo in quella casa, per esempio, ma quando lo si sente parlare non è sempre così.
Per esempio, una persona che lavora ha il cuore spezzato? Il marito si sveglia con il cuore spezzato? Oppure l’uomo si sveglia con il cuore spezzato?
Non è mai facile parlare di questo e di tutte le situazioni che si presentano quando si parla di persone, soprattutto se in famiglia c’è un figlio o un marito che sta male.
Non è facile, però, perché spesso le persone che parlano di persone che hanno problemi si sentono dire cose che non dovrebbero.
Tuttavia, è bene sapere che cosa è successo in una casa dove non ci sono le persone che hanno problemi.
Domande che possono essere poste in modo che l’uomo non abbia paura di parlare del suo problema e di chiedere aiuto.
Il fatto è che in casa non ci sono persone che si sentono male, che non hanno le braccia rotte e che non hanno il cuore spezzato.
In ogni caso, è importante che l’uomo si ricordi di avere un figlio o un marito che sta male e che non ha paura di parlare di","
Non si può chiamare marito chi ha le braccia rotte.
Non si può chiamare marito chi lavora, perché non sa come si fa.
Non si può chiamare marito chi lavora, perché ha il marito e la moglie che lavorano.
Non si può chiamare marito chi lavora, perché non sa come si fa.
Non si può chiamare marito chi lavora, perché non sa come si fa.
Non si può chiamare marito chi lavora, perché non sa come si fa.
Non si può chiamare marito chi lavora, perché non sa come si fa.
Non si può chiamare marito chi lavora, perché non sa come si fa.
Non si può chiamare marito chi lavora, perché non sa come si fa.
Non si può chiamare marito chi lavora, perché non sa come si fa.
Non si può chiamare marito chi lavora, perché non sa come si fa.
Non si può chiamare marito chi lavora, perché non sa come si fa.
Non si può chiamare marito chi lavora, perché non sa come si fa.
Non si può chiamare marito chi lavora, perché non sa come si fa.
Non si può chiamare marito chi lavora, perché non sa come si fa.
Non si può chiamare marito chi lavora, perché","
A volte, come in questo caso, le mani della moglie si sono irrigidite.
Quando la moglie è andata a casa, si è svegliata.
La moglie ha sempre avuto un sonno profondo e una mente lucida.
Quando la moglie era sveglia, invece, è riuscita a dormire molto meglio.
Quando la moglie è seduta e si è svegliata, si è fatta una doccia di tutto il corpo e poi la mattina è andata a letto.
Quando la moglie ha avuto le gambe rotte, si è fatta una doccia di tutto il corpo e poi la mattina è andata a letto.
La moglie è riuscita a dormire più a lungo, anche se lei non è molto tranquilla.
E se lei non vuole riposare?
Se la moglie non è sempre stata sveglia, quando lei era sveglia, non è mai stata tanto tranquilla.
Perché le donne non hanno mai avuto le gambe rotte?
Le donne non hanno mai avuto le gambe rotte.
Le donne non hanno mai avuto le gambe rotte.
Quando la moglie ha avuto le gambe rotte, si è fatta una doccia di tutto il corpo e poi la mattina è andata a letto.
Perché le donne non hanno mai avuto le gambe"
Neapolitan,Gemini 2.5 - flash,wiki,"D' ogne pertuso 'a lacerta asceva, 
'O toro cu 'a vacca s' accostava, 
'O caperrone cu 'a crapa steva;. Non è 'e Foggia ed è no caparrone 
non è 'e Massa ed ha 'e piede chiatte, 
non è 'e Coglionise ed è cu ll'one.f. Capá vruoccoli e. Allora,. Nun è comme a muglierema che, a' casa, 
quann'io ce vaco cu sti bbracce rotte, 
è capace 'e me 'e' quase ogne notte: 
- Ma comme, sulo ccà nun vuo' scupa'?. Ma po' facennome 'a serenata 
tutt' 'o strumento s'eva scurdato 
e 'o «mi» pruvaie 
a «re» tuccaie 
ma nun fuie capace 
e i' ce 'o cantaie st'atu rechie e pace. Nun te puó maje fidà, fatte capace! Fatte capace: aje voglia ca sî ffino 
'a vita te fa scemo, si 'e piace .","Da ogni buco la lucertola usciva,
Il toro con la vacca si accostava,
Il caprone con la capra stava;. Non è di Foggia ed è un testone,
non è di Massa ed ha i piedi piatti,
non è di Coglionise ed è con le unghie.f. Perdere tempo e. Allora,. Non è come mia moglie che, a casa,
quando io ci vado con queste braccia rotte (stanco),
è capace di rinfacciarmi quasi ogni notte:
- Ma come, solo qui non vuoi spazzare?.
Ma poi facendomi la serenata
tutto lo strumento si era dimenticato
e il «mi» provò
a «re» toccò
ma non fu capace
e io glielo cantai (per ottenere) quest'altra pace e quiete.
Non ti puoi mai fidare, renditi conto! Renditi conto: è inutile che tu sia così astuto
la vita ti rende sciocco, se le piace.","Che ammonimento finale ci viene dato dal testo, a proposito della vita e della stupidità, anche se noi siamo dei ""fini""?","Renditi conto: per quanto tu possa essere ""fino"", la vita ti fa scemo, se le piace.","
Vorrei dire che, se uno mi dice che la vita è una stupida stupidità, allora è un uomo buono.
Non è vero, il concetto di stupidità è un concetto che non è mai stato posto in discussione e che quindi non è mai stato usato.
Se un uomo è stupido e stupido, se un uomo è stupido e stupido, e quindi è stupido e stupido, allora è stupido.
Quando qualcuno mi dice che una stupidità è stupida, mi domando se è stupidità.
Vorrei dire che, se un uomo è stupido e stupido, e quindi è stupido, allora è stupidità.
Se un uomo è stupido e stupido, e quindi è stupidità, allora è stupidità.
Vorrei dire che se un uomo è stupido e stupido, e quindi è stupidità, allora è stupidità.
Vorrei dire che se un uomo è stupido e stupido, e quindi è stupidità, allora è stupidità.
Vorrei dire che se un uomo è stupido e stupidità, e quindi è stupidità.
Se un uomo è stupido e stupidità, e quindi è stupidità","
Il testo è scritto in modo da sembrare un po' prolisso, ma ci viene spiegato che l'autore è un ""piccolo"" (si fa per dire) uomo, che non ha avuto una vita facile, che è stato umiliato e umiliato e che è stato un uomo perbene, che ha lottato per un amore che non è più suo e che è stato un amore che non è più suo.
Ma è un testo di difficile comprensione per la nostra cultura, che si presenta come un testo di per sé molto semplice, con molte lacune. La lettura è scorrevole, anche se il testo sembra un po' prolisso e il ritmo non è così lineare, che non è affatto una lettura facile. La lettura è scorrevole, ma la lettura è un po' prolisso, che non è più suo e che è stato un amore che non è più suo e che è stato un amore che non è più suo e che è stato un amore che non è più suo e che è stato un amore che non è più suo e che è stato un amore che non è più suo e che è stato un amore che non è più suo e che è stato un amore che non è più suo e","
(Per il momento la frase è quella che si usa per la definizione di ""cattiva"", che è una definizione che si può applicare anche ad altri ambiti, in cui è stato usato il termine ""cattiva"", ma non è questa la definizione che si può applicare).
Ciò che è sbagliato, è sbagliato
è un'altra cosa,
è un'altra cosa
è un'altra cosa che non si può evitare,
è un'altra cosa che non si può evitare,
è un'altra cosa che non si può evitare,
è un'altra cosa che non si può evitare,
è un'altra cosa che non si può evitare,
è un'altra cosa che non si può evitare,
è un'altra cosa che non si può evitare,
è un'altra cosa che non si può evitare,
è un'altra cosa che non si può evitare,
è un'altra cosa che non si può evitare,
è un'altra cosa che non si può evitare,
è un'altra cosa che non si può evitare,
è un'altra cosa che non si può evitare,
è un'altra cosa che non si può evitare,
è un'altra"
Neapolitan,Gemini 2.5 - flash,wiki,"""Si cerca cu 'o spruoccolo 
da Puorto a 'e Mannise, 
da l'Uorto d''o Conte a 'o Baglivo, 
e da 'e Straolà a 'o Pennino,. Oh viato chi nasce a sto destino! De 'a Bagliva fecelo agozino.. è puosto pe decreto 
'ncoppa a no ciuccio comm'a babione,. E torna no Dettore babbione, 
Si tu, che nce puoie tanto cu 'e Muse 
Che 'n capo t' hanno puosto doie corone, 
Nce 'o carrìje, e 'o faie 'ntrà pone. Te credìje quann' era anchione,. Uocchi chini e 
mmani vacànte.. Capa vacànte.. U bbacànte 'i nàtica è 
nu taglio 'e carne vaccina. Svuotà: sbacantá.. Baccalà cu 'a sauza e perzì fritto 
Te portava, e 'e zeppole annascuso,. Uh mannaggia 'o baccalà 
Chi t'è muorto oi mamma ma' 
puozza scula' 
puozza schiatta' 
puozz'j' cercanno 'a carità. a 'e otto a 'e otto. Mmiezo â piazzetta nu ballómmo 
s'è appiccicáto cu na femmina..""","Si cerca con cura, fin nei minimi dettagli,
da Porto alle Mannise,
dall'Orto del Conte al Baglivo,
e dalle Straolà al Pennino. Oh beato chi nasce a questo destino!
Dalla Bagliva lo fecero aguzzino...
è posto per decreto
sopra un asino come un allocco.
E torna un Dottore sciocco,
Se tu, che puoi tanto con le Muse
che in capo ti hanno posto due corone,
ce lo trasporti, e lo fai abbeverare.
Ti credevo quando eri robusto.
Occhi pieni e mani vuote.
Testa vuota.
Il 'bacante di natica' è un taglio di carne bovina.
Svuotare: sbacantare.
Baccalà con la salsa e persino fritto
ti portava, e le zeppole di nascosto.
Uh, maledetto il baccalà!
Chi ti è morto, oh mamma mia!
possa prosciugarsi,
possa scoppiare,
possa andare in giro a chiedere l'elemosina.
Alle otto, alle otto.
In mezzo alla piazzetta un energumeno
si è azzuffato con una donna.","Potresti spiegare, cos'è il 'bacante di natica'?",Il 'bacante di natica' è un taglio di carne bovina.,"
Il 'bacante di natica' è un termine che significa letteralmente ""schiacciamento del bacaro"".
In inglese 'bacante' significa ""schiacciamento del bacaro"", mentre in italiano 'bacante' significa ""schiacciamento del baccello"" e ""schiacciamento del seme"".
Se stai leggendo questo articolo, forse hai sentito parlare del 'bacante di natica'. Si tratta di un termine che deriva dal greco 'bacteria', che significa 'mangiare le uova' e 'baciare' e che, quindi, significa ""schiacciamento del baccello"".
Cos'è il 'bacante di natica'?
Il termine 'bacante' deriva dal latino 'bacarius' ('bacare') e significa ""schiacciamento del baccello"".
Il 'bacante di natica' è un termine che deriva dal greco 'bacát' (bacare), che significa 'schiacciamento del bacaro'.
In inglese 'bacante' significa 'schiacciamento del seme'.
Il 'bacante di natica","
Potresti spiegarlo, cos'è il 'bacante di natica'?
Se hai bisogno di qualche chiarimento, puoi scriverlo qui sotto:
L'acqua di san Giovanni è un pozzo, una specie di canale che si estende per tutta l'acqua del fiume, e che scorre nel lago di Baikal.
L'acqua di San Giovanni è una sorgente di acqua piovana che si trova al confine tra Russia e Ucraina.
L'acqua di San Giovanni è un pozzo, una specie di canale che si estende per tutta l'acqua del fiume, e che scorre nel lago di Baikal.
L'acqua di San Giovanni è un pozzo, una specie di canale che si estende per tutta l'acqua del fiume, e che scorre nel lago di Baikal.
L'acqua di San Giovanni è un pozzo, una specie di canale che si estende per tutta l'acqua del fiume, e che scorre nel lago di Baikal.
L'acqua di San Giovanni è un pozzo, una specie di canale che si estende per tutta l'acqua del fiume, e che scorre nel lago di Baikal.
L'acqua di San","
In italiano il termine 'bacare', sta a significare:
bacare in un luogo e in un tempo.
Un'altra cosa che si può fare in francese, è:
1) Accompagnare il piccione,
2) Scambiare un boccale di birra.
Potresti spiegarmi meglio in francese?
Ciao, io sono un appassionato di bricciole, e sono un po' di anni che ne faccio di bricciole.
Sono un po' di anni che le faccio, e mi piace molto.
Per esempio, la mia amica le ha fatto un'ottima bricciola, e si è mangiata una bricciola intera di birra...
La bricciola è un alimento molto calorico e nutriente, che serve a fare in modo che il nostro corpo non abbia bisogno di ammollo.
Potresti spiegarmi meglio in francese?
Sì, mi piace molto.
Per esempio, la mia amica le ha fatto un'ottima bricciola, e si è mangiata una bricciola intera di birra...
Ecco, questa è una delle cose che mi piace di più"
Neapolitan,Gemini 2.5 - flash,wiki,"""Si cerca cu 'o spruoccolo 
da Puorto a 'e Mannise, 
da l'Uorto d''o Conte a 'o Baglivo, 
e da 'e Straolà a 'o Pennino,. Oh viato chi nasce a sto destino! De 'a Bagliva fecelo agozino.. è puosto pe decreto 
'ncoppa a no ciuccio comm'a babione,. E torna no Dettore babbione, 
Si tu, che nce puoie tanto cu 'e Muse 
Che 'n capo t' hanno puosto doie corone, 
Nce 'o carrìje, e 'o faie 'ntrà pone. Te credìje quann' era anchione,. Uocchi chini e 
mmani vacànte.. Capa vacànte.. U bbacànte 'i nàtica è 
nu taglio 'e carne vaccina. Svuotà: sbacantá.. Baccalà cu 'a sauza e perzì fritto 
Te portava, e 'e zeppole annascuso,. Uh mannaggia 'o baccalà 
Chi t'è muorto oi mamma ma' 
puozza scula' 
puozza schiatta' 
puozz'j' cercanno 'a carità. a 'e otto a 'e otto. Mmiezo â piazzetta nu ballómmo 
s'è appiccicáto cu na femmina..""","Si cerca con cura, fin nei minimi dettagli,
da Porto alle Mannise,
dall'Orto del Conte al Baglivo,
e dalle Straolà al Pennino. Oh beato chi nasce a questo destino!
Dalla Bagliva lo fecero aguzzino...
è posto per decreto
sopra un asino come un allocco.
E torna un Dottore sciocco,
Se tu, che puoi tanto con le Muse
che in capo ti hanno posto due corone,
ce lo trasporti, e lo fai abbeverare.
Ti credevo quando eri robusto.
Occhi pieni e mani vuote.
Testa vuota.
Il 'bacante di natica' è un taglio di carne bovina.
Svuotare: sbacantare.
Baccalà con la salsa e persino fritto
ti portava, e le zeppole di nascosto.
Uh, maledetto il baccalà!
Chi ti è morto, oh mamma mia!
possa prosciugarsi,
possa scoppiare,
possa andare in giro a chiedere l'elemosina.
Alle otto, alle otto.
In mezzo alla piazzetta un energumeno
si è azzuffato con una donna.","Cosa è successo in mezzo alla piazzetta, durante una rissa?",In mezzo alla piazzetta un balordo si è attaccato con una donna.,"E’ successo a qualche residente, forse in quel caso a qualche ragazzo?
Se un abitante ha la possibilità di fare un giro in centro, potrebbe anche essere un turista, ma non è detto.
Molti di noi non hanno la possibilità di fare il giro in centro, o di spostarsi, e non è detto che non possano farlo a piedi.
Ma per fortuna non è così. Se il turista vuole fare un giro in centro, deve per forza farlo con i mezzi pubblici, perché la fermata è proprio accanto alla chiesa.
Ma se un turista vuole fare un giro in centro, deve per forza farlo con i mezzi pubblici, perché la fermata è proprio accanto alla chiesa.
Ma se un turista vuole fare un giro in centro, deve per forza farlo con i mezzi pubblici, perché la fermata è proprio accanto alla chiesa.
Io sono stata in centro, mi sono trovata in un altro posto, l’ho trovato, e mi sono messa a ridere, perchè mi piaceva la gente, e volevo fare un giro in centro.
Dicevo, e poi ho provato a fare una passeggiata in centro, ma non mi sono mai piaciuta, e mi è piaciuta la gente, e anche il","
A quanto pare la discussione è iniziata in mezzo alla piazzetta.
Non è stato detto nulla, la rissa è finita dentro la piazzetta, ma la gente è scesa per terra per vedere cosa succedeva, e la cosa è stata fatta.
Anche la gente ha cercato di fare il possibile per calmare la situazione, ma nessuno si è fatto avanti.
Pensando a quanto è successo, non si può dire che la gente non sia rimasta senza posto, ma non è stata fatta nessuna rissa.
La gente ha chiesto ai vicini se potevano parlare di cosa era successo, ma la gente non ha risposto.
Una cosa è certa, la gente non è stata presa in giro, non ha fatto niente per calmare la situazione.
Si sono trovati di fronte ad un uomo con una faccia da bambino, con la faccia da bambino.
Non si è trattato di un tentativo di far del male a qualcuno, ma di un tentativo di calmare la situazione.
Era solo un tentativo di fare del male a qualcuno, ma non era solo un tentativo di fare del male a qualcuno.
E' successo durante la rissa, ma non era solo un tentativo di fare del male a qualcuno.
D","
Quando sei arrivato a casa tua,
ti sei trovato a parlare con un'altra donna,
che ha portato la tua
vita a un altro punto
di scontro.
Lui era
il primo che ha chiamato.
Quando hai finito di parlare con lui,
che ha portato la tua vita a un altro punto.
Era una giornata di sole,
quando hai trovato un altro punto,
e ha deciso di darti la mano.
Tu, che sei un uomo duro,
la tua vita è stata rovinata.
Dal momento in cui hai iniziato a parlare,
tu, che sei un uomo duro,
che hai lasciato che il tuo dolore
mi impedisse di vivere.
Dal momento in cui hai iniziato a parlare con un'altra donna,
che ha portato la tua vita a un altro punto,
la tua vita è stata rovinata.
Lui era,
il primo che ha chiamato
suo figlio.
Quando sei arrivato a casa tua,
sei stato il primo a parlare con un'altra donna.
Era la prima volta che parlavi con un uomo duro,
che ha portato la tua vita a un altro punto,"
